Sample_name,R1_file,R2_file,N_forward,N_reverse,Pos_start,Pos_stop,Mutated_seq,Species,Mating_type,Replicate,Fragment,Timepoint
CN_a_r1_F1_T0,CN_a_r1_F1_T0_R1.fastq.gz,CN_a_r1_F1_T0_R2.fastq.gz,TTCATAGCTAATG,GGAACTCTGCCTAAATTTTC,2,71,CN_F1,CN,a,r1,F1,T0
CN_a_r2_F1_T0,CN_a_r2_F1_T0_R1.fastq.gz,CN_a_r2_F1_T0_R2.fastq.gz,TTCATAGCTAATG,GGAACTCTGCCTAAATTTTC,2,71,CN_F1,CN,a,r2,F1,T0
CN_alp_r1_F1_T0,CN_alp_r1_F1_T0_R1.fastq.gz,CN_alp_r1_F1_T0_R2.fastq.gz,TTCATAGCTAATG,GGAACTCTGCCTAAATTTTC,2,71,CN_F1,CN,alp,r1,F1,T0
CN_alp_r2_F1_T0,CN_alp_r2_F1_T0_R1.fastq.gz,CN_alp_r2_F1_T0_R2.fastq.gz,TTCATAGCTAATG,GGAACTCTGCCTAAATTTTC,2,71,CN_F1,CN,alp,r2,F1,T0
SC_a_r1_F1_T0,SC_a_r1_F1_T0_R1.fastq.gz,SC_a_r1_F1_T0_R2.fastq.gz,TTCATAGCTAATG,TCCAATCTACCACAGTTTTC,2,68,SC_F1,SC,a,r1,F1,T0
SC_a_r2_F1_T0,SC_a_r2_F1_T0_R1.fastq.gz,SC_a_r2_F1_T0_R2.fastq.gz,TTCATAGCTAATG,TCCAATCTACCACAGTTTTC,2,68,SC_F1,SC,a,r2,F1,T0
SC_alp_r1_F1_T0,SC_alp_r1_F1_T0_R1.fastq.gz,SC_alp_r1_F1_T0_R2.fastq.gz,TTCATAGCTAATG,TCCAATCTACCACAGTTTTC,2,68,SC_F1,SC,alp,r1,F1,T0
SC_alp_r2_F1_T0,SC_alp_r2_F1_T0_R1.fastq.gz,SC_alp_r2_F1_T0_R2.fastq.gz,TTCATAGCTAATG,TCCAATCTACCACAGTTTTC,2,68,SC_F1,SC,alp,r2,F1,T0
CN_a_r1_F2_T0,CN_a_r1_F2_T0_R1.fastq.gz,CN_a_r1_F2_T0_R2.fastq.gz,TTCATTTGCCAACTTCTAGA,CTCAACAATTGCTCACCACC,48,118,CN_F2,CN,a,r1,F2,T0
CN_a_r2_F2_T0,CN_a_r2_F2_T0_R1.fastq.gz,CN_a_r2_F2_T0_R2.fastq.gz,TTCATTTGCCAACTTCTAGA,CTCAACAATTGCTCACCACC,48,118,CN_F2,CN,a,r2,F2,T0
CN_alp_r1_F2_T0,CN_alp_r1_F2_T0_R1.fastq.gz,CN_alp_r1_F2_T0_R2.fastq.gz,TTCATTTGCCAACTTCTAGA,CTCAACAATTGCTCACCACC,48,118,CN_F2,CN,alp,r1,F2,T0
CN_alp_r2_F2_T0,CN_alp_r2_F2_T0_R1.fastq.gz,CN_alp_r2_F2_T0_R2.fastq.gz,TTCATTTGCCAACTTCTAGA,CTCAACAATTGCTCACCACC,48,118,CN_F2,CN,alp,r2,F2,T0
SC_a_r1_F2_T0,SC_a_r1_F2_T0_R1.fastq.gz,SC_a_r1_F2_T0_R2.fastq.gz,TCAACAACAAGGATGGTTCC,AAGTACTTTTCACCCTTGGA,45,115,SC_F2,SC,a,r1,F2,T0
SC_a_r2_F2_T0,SC_a_r2_F2_T0_R1.fastq.gz,SC_a_r2_F2_T0_R2.fastq.gz,TCAACAACAAGGATGGTTCC,AAGTACTTTTCACCCTTGGA,45,115,SC_F2,SC,a,r2,F2,T0
SC_alp_r1_F2_T0,SC_alp_r1_F2_T0_R1.fastq.gz,SC_alp_r1_F2_T0_R2.fastq.gz,TCAACAACAAGGATGGTTCC,AAGTACTTTTCACCCTTGGA,45,115,SC_F2,SC,alp,r1,F2,T0
SC_alp_r2_F2_T0,SC_alp_r2_F2_T0_R1.fastq.gz,SC_alp_r2_F2_T0_R2.fastq.gz,TCAACAACAAGGATGGTTCC,AAGTACTTTTCACCCTTGGA,45,115,SC_F2,SC,alp,r2,F2,T0
CN_a_r1_F3_T0,CN_a_r1_F3_T0_R1.fastq.gz,CN_a_r1_F3_T0_R2.fastq.gz,TTACCACCCTATCACCATGT,ACAGCGTGCTGCGTGCTTCA,95,165,CN_F3,CN,a,r1,F3,T0
CN_a_r2_F3_T0,CN_a_r2_F3_T0_R1.fastq.gz,CN_a_r2_F3_T0_R2.fastq.gz,TTACCACCCTATCACCATGT,ACAGCGTGCTGCGTGCTTCA,95,165,CN_F3,CN,a,r2,F3,T0
CN_alp_r1_F3_T0,CN_alp_r1_F3_T0_R1.fastq.gz,CN_alp_r1_F3_T0_R2.fastq.gz,TTACCACCCTATCACCATGT,ACAGCGTGCTGCGTGCTTCA,95,165,CN_F3,CN,alp,r1,F3,T0
CN_alp_r2_F3_T0,CN_alp_r2_F3_T0_R1.fastq.gz,CN_alp_r2_F3_T0_R2.fastq.gz,TTACCACCCTATCACCATGT,ACAGCGTGCTGCGTGCTTCA,95,165,CN_F3,CN,alp,r2,F3,T0
SC_a_r1_F3_T0,SC_a_r1_F3_T0_R1.fastq.gz,SC_a_r1_F3_T0_R2.fastq.gz,ACACTACTTTGTCACCATGC,ACAGCGTGCTGCGTGCTTCA,92,158,SC_F3,SC,a,r1,F3,T0
SC_a_r2_F3_T0,SC_a_r2_F3_T0_R1.fastq.gz,SC_a_r2_F3_T0_R2.fastq.gz,ACACTACTTTGTCACCATGC,ACAGCGTGCTGCGTGCTTCA,92,158,SC_F3,SC,a,r2,F3,T0
SC_alp_r1_F3_T0,SC_alp_r1_F3_T0_R1.fastq.gz,SC_alp_r1_F3_T0_R2.fastq.gz,ACACTACTTTGTCACCATGC,ACAGCGTGCTGCGTGCTTCA,92,158,SC_F3,SC,alp,r1,F3,T0
SC_alp_r2_F3_T0,SC_alp_r2_F3_T0_R1.fastq.gz,SC_alp_r2_F3_T0_R2.fastq.gz,ACACTACTTTGTCACCATGC,ACAGCGTGCTGCGTGCTTCA,92,158,SC_F3,SC,alp,r2,F3,T0
CN_a_r1_F1_T1,CN_a_r1_F1_T1_R1.fastq.gz,CN_a_r1_F1_T1_R2.fastq.gz,TTCATAGCTAATG,GGAACTCTGCCTAAATTTTC,2,71,CN_F1,CN,a,r1,F1,T1
CN_a_r2_F1_T1,CN_a_r2_F1_T1_R1.fastq.gz,CN_a_r2_F1_T1_R2.fastq.gz,TTCATAGCTAATG,GGAACTCTGCCTAAATTTTC,2,71,CN_F1,CN,a,r2,F1,T1
CN_alp_r1_F1_T1,CN_alp_r1_F1_T1_R1.fastq.gz,CN_alp_r1_F1_T1_R2.fastq.gz,TTCATAGCTAATG,GGAACTCTGCCTAAATTTTC,2,71,CN_F1,CN,alp,r1,F1,T1
CN_alp_r2_F1_T1,CN_alp_r2_F1_T1_R1.fastq.gz,CN_alp_r2_F1_T1_R2.fastq.gz,TTCATAGCTAATG,GGAACTCTGCCTAAATTTTC,2,71,CN_F1,CN,alp,r2,F1,T1
SC_a_r1_F1_T1,SC_a_r1_F1_T1_R1.fastq.gz,SC_a_r1_F1_T1_R2.fastq.gz,TTCATAGCTAATG,TCCAATCTACCACAGTTTTC,2,68,SC_F1,SC,a,r1,F1,T1
SC_a_r2_F1_T1,SC_a_r2_F1_T1_R1.fastq.gz,SC_a_r2_F1_T1_R2.fastq.gz,TTCATAGCTAATG,TCCAATCTACCACAGTTTTC,2,68,SC_F1,SC,a,r2,F1,T1
SC_alp_r1_F1_T1,SC_alp_r1_F1_T1_R1.fastq.gz,SC_alp_r1_F1_T1_R2.fastq.gz,TTCATAGCTAATG,TCCAATCTACCACAGTTTTC,2,68,SC_F1,SC,alp,r1,F1,T1
SC_alp_r2_F1_T1,SC_alp_r2_F1_T1_R1.fastq.gz,SC_alp_r2_F1_T1_R2.fastq.gz,TTCATAGCTAATG,TCCAATCTACCACAGTTTTC,2,68,SC_F1,SC,alp,r2,F1,T1
CN_a_r1_F2_T1,CN_a_r1_F2_T1_R1.fastq.gz,CN_a_r1_F2_T1_R2.fastq.gz,TTCATTTGCCAACTTCTAGA,CTCAACAATTGCTCACCACC,48,118,CN_F2,CN,a,r1,F2,T1
CN_a_r2_F2_T1,CN_a_r2_F2_T1_R1.fastq.gz,CN_a_r2_F2_T1_R2.fastq.gz,TTCATTTGCCAACTTCTAGA,CTCAACAATTGCTCACCACC,48,118,CN_F2,CN,a,r2,F2,T1
CN_alp_r1_F2_T1,CN_alp_r1_F2_T1_R1.fastq.gz,CN_alp_r1_F2_T1_R2.fastq.gz,TTCATTTGCCAACTTCTAGA,CTCAACAATTGCTCACCACC,48,118,CN_F2,CN,alp,r1,F2,T1
CN_alp_r2_F2_T1,CN_alp_r2_F2_T1_R1.fastq.gz,CN_alp_r2_F2_T1_R2.fastq.gz,TTCATTTGCCAACTTCTAGA,CTCAACAATTGCTCACCACC,48,118,CN_F2,CN,alp,r2,F2,T1
SC_a_r1_F2_T1,SC_a_r1_F2_T1_R1.fastq.gz,SC_a_r1_F2_T1_R2.fastq.gz,TCAACAACAAGGATGGTTCC,AAGTACTTTTCACCCTTGGA,45,115,SC_F2,SC,a,r1,F2,T1
SC_a_r2_F2_T1,SC_a_r2_F2_T1_R1.fastq.gz,SC_a_r2_F2_T1_R2.fastq.gz,TCAACAACAAGGATGGTTCC,AAGTACTTTTCACCCTTGGA,45,115,SC_F2,SC,a,r2,F2,T1
SC_alp_r1_F2_T1,SC_alp_r1_F2_T1_R1.fastq.gz,SC_alp_r1_F2_T1_R2.fastq.gz,TCAACAACAAGGATGGTTCC,AAGTACTTTTCACCCTTGGA,45,115,SC_F2,SC,alp,r1,F2,T1
SC_alp_r2_F2_T1,SC_alp_r2_F2_T1_R1.fastq.gz,SC_alp_r2_F2_T1_R2.fastq.gz,TCAACAACAAGGATGGTTCC,AAGTACTTTTCACCCTTGGA,45,115,SC_F2,SC,alp,r2,F2,T1
CN_a_r1_F3_T1,CN_a_r1_F3_T1_R1.fastq.gz,CN_a_r1_F3_T1_R2.fastq.gz,TTACCACCCTATCACCATGT,ACAGCGTGCTGCGTGCTTCA,95,165,CN_F3,CN,a,r1,F3,T1
CN_a_r2_F3_T1,CN_a_r2_F3_T1_R1.fastq.gz,CN_a_r2_F3_T1_R2.fastq.gz,TTACCACCCTATCACCATGT,ACAGCGTGCTGCGTGCTTCA,95,165,CN_F3,CN,a,r2,F3,T1
CN_alp_r1_F3_T1,CN_alp_r1_F3_T1_R1.fastq.gz,CN_alp_r1_F3_T1_R2.fastq.gz,TTACCACCCTATCACCATGT,ACAGCGTGCTGCGTGCTTCA,95,165,CN_F3,CN,alp,r1,F3,T1
CN_alp_r2_F3_T1,CN_alp_r2_F3_T1_R1.fastq.gz,CN_alp_r2_F3_T1_R2.fastq.gz,TTACCACCCTATCACCATGT,ACAGCGTGCTGCGTGCTTCA,95,165,CN_F3,CN,alp,r2,F3,T1
SC_a_r1_F3_T1,SC_a_r1_F3_T1_R1.fastq.gz,SC_a_r1_F3_T1_R2.fastq.gz,ACACTACTTTGTCACCATGC,ACAGCGTGCTGCGTGCTTCA,92,158,SC_F3,SC,a,r1,F3,T1
SC_a_r2_F3_T1,SC_a_r2_F3_T1_R1.fastq.gz,SC_a_r2_F3_T1_R2.fastq.gz,ACACTACTTTGTCACCATGC,ACAGCGTGCTGCGTGCTTCA,92,158,SC_F3,SC,a,r2,F3,T1
SC_alp_r1_F3_T1,SC_alp_r1_F3_T1_R1.fastq.gz,SC_alp_r1_F3_T1_R2.fastq.gz,ACACTACTTTGTCACCATGC,ACAGCGTGCTGCGTGCTTCA,92,158,SC_F3,SC,alp,r1,F3,T1
SC_alp_r2_F3_T1,SC_alp_r2_F3_T1_R1.fastq.gz,SC_alp_r2_F3_T1_R2.fastq.gz,ACACTACTTTGTCACCATGC,ACAGCGTGCTGCGTGCTTCA,92,158,SC_F3,SC,alp,r2,F3,T1
CN_a_r1_F1_T2,CN_a_r1_F1_T2_R1.fastq.gz,CN_a_r1_F1_T2_R2.fastq.gz,TTCATAGCTAATG,GGAACTCTGCCTAAATTTTC,2,71,CN_F1,CN,a,r1,F1,T2
CN_a_r2_F1_T2,CN_a_r2_F1_T2_R1.fastq.gz,CN_a_r2_F1_T2_R2.fastq.gz,TTCATAGCTAATG,GGAACTCTGCCTAAATTTTC,2,71,CN_F1,CN,a,r2,F1,T2
CN_alp_r1_F1_T2,CN_alp_r1_F1_T2_R1.fastq.gz,CN_alp_r1_F1_T2_R2.fastq.gz,TTCATAGCTAATG,GGAACTCTGCCTAAATTTTC,2,71,CN_F1,CN,alp,r1,F1,T2
CN_alp_r2_F1_T2,CN_alp_r2_F1_T2_R1.fastq.gz,CN_alp_r2_F1_T2_R2.fastq.gz,TTCATAGCTAATG,GGAACTCTGCCTAAATTTTC,2,71,CN_F1,CN,alp,r2,F1,T2
SC_a_r1_F1_T2,SC_a_r1_F1_T2_R1.fastq.gz,SC_a_r1_F1_T2_R2.fastq.gz,TTCATAGCTAATG,TCCAATCTACCACAGTTTTC,2,68,SC_F1,SC,a,r1,F1,T2
SC_a_r2_F1_T2,SC_a_r2_F1_T2_R1.fastq.gz,SC_a_r2_F1_T2_R2.fastq.gz,TTCATAGCTAATG,TCCAATCTACCACAGTTTTC,2,68,SC_F1,SC,a,r2,F1,T2
SC_alp_r1_F1_T2,SC_alp_r1_F1_T2_R1.fastq.gz,SC_alp_r1_F1_T2_R2.fastq.gz,TTCATAGCTAATG,TCCAATCTACCACAGTTTTC,2,68,SC_F1,SC,alp,r1,F1,T2
SC_alp_r2_F1_T2,SC_alp_r2_F1_T2_R1.fastq.gz,SC_alp_r2_F1_T2_R2.fastq.gz,TTCATAGCTAATG,TCCAATCTACCACAGTTTTC,2,68,SC_F1,SC,alp,r2,F1,T2
CN_a_r1_F2_T2,CN_a_r1_F2_T2_R1.fastq.gz,CN_a_r1_F2_T2_R2.fastq.gz,TTCATTTGCCAACTTCTAGA,CTCAACAATTGCTCACCACC,48,118,CN_F2,CN,a,r1,F2,T2
CN_a_r2_F2_T2,CN_a_r2_F2_T2_R1.fastq.gz,CN_a_r2_F2_T2_R2.fastq.gz,TTCATTTGCCAACTTCTAGA,CTCAACAATTGCTCACCACC,48,118,CN_F2,CN,a,r2,F2,T2
CN_alp_r1_F2_T2,CN_alp_r1_F2_T2_R1.fastq.gz,CN_alp_r1_F2_T2_R2.fastq.gz,TTCATTTGCCAACTTCTAGA,CTCAACAATTGCTCACCACC,48,118,CN_F2,CN,alp,r1,F2,T2
CN_alp_r2_F2_T2,CN_alp_r2_F2_T2_R1.fastq.gz,CN_alp_r2_F2_T2_R2.fastq.gz,TTCATTTGCCAACTTCTAGA,CTCAACAATTGCTCACCACC,48,118,CN_F2,CN,alp,r2,F2,T2
SC_a_r1_F2_T2,SC_a_r1_F2_T2_R1.fastq.gz,SC_a_r1_F2_T2_R2.fastq.gz,TCAACAACAAGGATGGTTCC,AAGTACTTTTCACCCTTGGA,45,115,SC_F2,SC,a,r1,F2,T2
SC_a_r2_F2_T2,SC_a_r2_F2_T2_R1.fastq.gz,SC_a_r2_F2_T2_R2.fastq.gz,TCAACAACAAGGATGGTTCC,AAGTACTTTTCACCCTTGGA,45,115,SC_F2,SC,a,r2,F2,T2
SC_alp_r1_F2_T2,SC_alp_r1_F2_T2_R1.fastq.gz,SC_alp_r1_F2_T2_R2.fastq.gz,TCAACAACAAGGATGGTTCC,AAGTACTTTTCACCCTTGGA,45,115,SC_F2,SC,alp,r1,F2,T2
SC_alp_r2_F2_T2,SC_alp_r2_F2_T2_R1.fastq.gz,SC_alp_r2_F2_T2_R2.fastq.gz,TCAACAACAAGGATGGTTCC,AAGTACTTTTCACCCTTGGA,45,115,SC_F2,SC,alp,r2,F2,T2
CN_a_r1_F3_T2,CN_a_r1_F3_T2_R1.fastq.gz,CN_a_r1_F3_T2_R2.fastq.gz,TTACCACCCTATCACCATGT,ACAGCGTGCTGCGTGCTTCA,95,165,CN_F3,CN,a,r1,F3,T2
CN_a_r2_F3_T2,CN_a_r2_F3_T2_R1.fastq.gz,CN_a_r2_F3_T2_R2.fastq.gz,TTACCACCCTATCACCATGT,ACAGCGTGCTGCGTGCTTCA,95,165,CN_F3,CN,a,r2,F3,T2
CN_alp_r1_F3_T2,CN_alp_r1_F3_T2_R1.fastq.gz,CN_alp_r1_F3_T2_R2.fastq.gz,TTACCACCCTATCACCATGT,ACAGCGTGCTGCGTGCTTCA,95,165,CN_F3,CN,alp,r1,F3,T2
CN_alp_r2_F3_T2,CN_alp_r2_F3_T2_R1.fastq.gz,CN_alp_r2_F3_T2_R2.fastq.gz,TTACCACCCTATCACCATGT,ACAGCGTGCTGCGTGCTTCA,95,165,CN_F3,CN,alp,r2,F3,T2
SC_a_r1_F3_T2,SC_a_r1_F3_T2_R1.fastq.gz,SC_a_r1_F3_T2_R2.fastq.gz,ACACTACTTTGTCACCATGC,ACAGCGTGCTGCGTGCTTCA,92,158,SC_F3,SC,a,r1,F3,T2
SC_a_r2_F3_T2,SC_a_r2_F3_T2_R1.fastq.gz,SC_a_r2_F3_T2_R2.fastq.gz,ACACTACTTTGTCACCATGC,ACAGCGTGCTGCGTGCTTCA,92,158,SC_F3,SC,a,r2,F3,T2
SC_alp_r1_F3_T2,SC_alp_r1_F3_T2_R1.fastq.gz,SC_alp_r1_F3_T2_R2.fastq.gz,ACACTACTTTGTCACCATGC,ACAGCGTGCTGCGTGCTTCA,92,158,SC_F3,SC,alp,r1,F3,T2
SC_alp_r2_F3_T2,SC_alp_r2_F3_T2_R1.fastq.gz,SC_alp_r2_F3_T2_R2.fastq.gz,ACACTACTTTGTCACCATGC,ACAGCGTGCTGCGTGCTTCA,92,158,SC_F3,SC,alp,r2,F3,T2
CN_a_r1_F1_T3,CN_a_r1_F1_T3_R1.fastq.gz,CN_a_r1_F1_T3_R2.fastq.gz,TTCATAGCTAATG,GGAACTCTGCCTAAATTTTC,2,71,CN_F1,CN,a,r1,F1,T3
CN_a_r2_F1_T3,CN_a_r2_F1_T3_R1.fastq.gz,CN_a_r2_F1_T3_R2.fastq.gz,TTCATAGCTAATG,GGAACTCTGCCTAAATTTTC,2,71,CN_F1,CN,a,r2,F1,T3
CN_alp_r1_F1_T3,CN_alp_r1_F1_T3_R1.fastq.gz,CN_alp_r1_F1_T3_R2.fastq.gz,TTCATAGCTAATG,GGAACTCTGCCTAAATTTTC,2,71,CN_F1,CN,alp,r1,F1,T3
CN_alp_r2_F1_T3,CN_alp_r2_F1_T3_R1.fastq.gz,CN_alp_r2_F1_T3_R2.fastq.gz,TTCATAGCTAATG,GGAACTCTGCCTAAATTTTC,2,71,CN_F1,CN,alp,r2,F1,T3
SC_a_r1_F1_T3,SC_a_r1_F1_T3_R1.fastq.gz,SC_a_r1_F1_T3_R2.fastq.gz,TTCATAGCTAATG,TCCAATCTACCACAGTTTTC,2,68,SC_F1,SC,a,r1,F1,T3
SC_a_r2_F1_T3,SC_a_r2_F1_T3_R1.fastq.gz,SC_a_r2_F1_T3_R2.fastq.gz,TTCATAGCTAATG,TCCAATCTACCACAGTTTTC,2,68,SC_F1,SC,a,r2,F1,T3
SC_alp_r1_F1_T3,SC_alp_r1_F1_T3_R1.fastq.gz,SC_alp_r1_F1_T3_R2.fastq.gz,TTCATAGCTAATG,TCCAATCTACCACAGTTTTC,2,68,SC_F1,SC,alp,r1,F1,T3
SC_alp_r2_F1_T3,SC_alp_r2_F1_T3_R1.fastq.gz,SC_alp_r2_F1_T3_R2.fastq.gz,TTCATAGCTAATG,TCCAATCTACCACAGTTTTC,2,68,SC_F1,SC,alp,r2,F1,T3
CN_a_r1_F2_T3,CN_a_r1_F2_T3_R1.fastq.gz,CN_a_r1_F2_T3_R2.fastq.gz,TTCATTTGCCAACTTCTAGA,CTCAACAATTGCTCACCACC,48,118,CN_F2,CN,a,r1,F2,T3
CN_a_r2_F2_T3,CN_a_r2_F2_T3_R1.fastq.gz,CN_a_r2_F2_T3_R2.fastq.gz,TTCATTTGCCAACTTCTAGA,CTCAACAATTGCTCACCACC,48,118,CN_F2,CN,a,r2,F2,T3
CN_alp_r1_F2_T3,CN_alp_r1_F2_T3_R1.fastq.gz,CN_alp_r1_F2_T3_R2.fastq.gz,TTCATTTGCCAACTTCTAGA,CTCAACAATTGCTCACCACC,48,118,CN_F2,CN,alp,r1,F2,T3
CN_alp_r2_F2_T3,CN_alp_r2_F2_T3_R1.fastq.gz,CN_alp_r2_F2_T3_R2.fastq.gz,TTCATTTGCCAACTTCTAGA,CTCAACAATTGCTCACCACC,48,118,CN_F2,CN,alp,r2,F2,T3
SC_a_r1_F2_T3,SC_a_r1_F2_T3_R1.fastq.gz,SC_a_r1_F2_T3_R2.fastq.gz,TCAACAACAAGGATGGTTCC,AAGTACTTTTCACCCTTGGA,45,115,SC_F2,SC,a,r1,F2,T3
SC_a_r2_F2_T3,SC_a_r2_F2_T3_R1.fastq.gz,SC_a_r2_F2_T3_R2.fastq.gz,TCAACAACAAGGATGGTTCC,AAGTACTTTTCACCCTTGGA,45,115,SC_F2,SC,a,r2,F2,T3
SC_alp_r1_F2_T3,SC_alp_r1_F2_T3_R1.fastq.gz,SC_alp_r1_F2_T3_R2.fastq.gz,TCAACAACAAGGATGGTTCC,AAGTACTTTTCACCCTTGGA,45,115,SC_F2,SC,alp,r1,F2,T3
SC_alp_r2_F2_T3,SC_alp_r2_F2_T3_R1.fastq.gz,SC_alp_r2_F2_T3_R2.fastq.gz,TCAACAACAAGGATGGTTCC,AAGTACTTTTCACCCTTGGA,45,115,SC_F2,SC,alp,r2,F2,T3
CN_a_r1_F3_T3,CN_a_r1_F3_T3_R1.fastq.gz,CN_a_r1_F3_T3_R2.fastq.gz,TTACCACCCTATCACCATGT,ACAGCGTGCTGCGTGCTTCA,95,165,CN_F3,CN,a,r1,F3,T3
CN_a_r2_F3_T3,CN_a_r2_F3_T3_R1.fastq.gz,CN_a_r2_F3_T3_R2.fastq.gz,TTACCACCCTATCACCATGT,ACAGCGTGCTGCGTGCTTCA,95,165,CN_F3,CN,a,r2,F3,T3
CN_alp_r1_F3_T3,CN_alp_r1_F3_T3_R1.fastq.gz,CN_alp_r1_F3_T3_R2.fastq.gz,TTACCACCCTATCACCATGT,ACAGCGTGCTGCGTGCTTCA,95,165,CN_F3,CN,alp,r1,F3,T3
CN_alp_r2_F3_T3,CN_alp_r2_F3_T3_R1.fastq.gz,CN_alp_r2_F3_T3_R2.fastq.gz,TTACCACCCTATCACCATGT,ACAGCGTGCTGCGTGCTTCA,95,165,CN_F3,CN,alp,r2,F3,T3
SC_a_r1_F3_T3,SC_a_r1_F3_T3_R1.fastq.gz,SC_a_r1_F3_T3_R2.fastq.gz,ACACTACTTTGTCACCATGC,ACAGCGTGCTGCGTGCTTCA,92,158,SC_F3,SC,a,r1,F3,T3
SC_a_r2_F3_T3,SC_a_r2_F3_T3_R1.fastq.gz,SC_a_r2_F3_T3_R2.fastq.gz,ACACTACTTTGTCACCATGC,ACAGCGTGCTGCGTGCTTCA,92,158,SC_F3,SC,a,r2,F3,T3
SC_alp_r1_F3_T3,SC_alp_r1_F3_T3_R1.fastq.gz,SC_alp_r1_F3_T3_R2.fastq.gz,ACACTACTTTGTCACCATGC,ACAGCGTGCTGCGTGCTTCA,92,158,SC_F3,SC,alp,r1,F3,T3
SC_alp_r2_F3_T3,SC_alp_r2_F3_T3_R1.fastq.gz,SC_alp_r2_F3_T3_R2.fastq.gz,ACACTACTTTGTCACCATGC,ACAGCGTGCTGCGTGCTTCA,92,158,SC_F3,SC,alp,r2,F3,T3
